{
    "root_group": {
        "name": "",
        "path": "",
        "id": "d41d8cd98f00b204e9800998ecf8427e",
        "groups": {},
        "checks": {
                "status é 200": {
                    "id": "b16e99ca05db78d0783cae331c9a2805",
                    "passes": 145826,
                    "fails": 0,
                    "name": "status é 200",
                    "path": "::status é 200"
                }
            }
    },
    "metrics": {
        "http_req_blocked": {
            "med": 0,
            "max": 1270.9294,
            "p(90)": 0,
            "p(95)": 0,
            "avg": 2.394146086431773,
            "min": 0
        },
        "vus": {
            "max": 500,
            "value": 62,
            "min": 62
        },
        "http_req_waiting": {
            "avg": 19.233872343752136,
            "min": 3.4019,
            "med": 17.6631,
            "max": 1776.8667,
            "p(90)": 23.9041,
            "p(95)": 27.727424999999997
        },
        "http_reqs": {
            "count": 145826,
            "rate": 484.4116071755127
        },
        "http_req_receiving": {
            "avg": 8.220529892474538,
            "min": 0,
            "med": 3.3573,
            "max": 3796.5556,
            "p(90)": 16.5995,
            "p(95)": 18.586550000000003
        },
        "checks": {
            "passes": 145826,
            "fails": 0,
            "value": 1
        },
        "http_req_sending": {
            "avg": 0.01948609781520439,
            "min": 0,
            "med": 0,
            "max": 34.3483,
            "p(90)": 0.0728,
            "p(95)": 0.113975
        },
        "data_sent": {
            "count": 19972602,
            "rate": 66345.92071576303
        },
        "iteration_duration": {
            "avg": 1030.5066838444432,
            "min": 1012.1634,
            "med": 1023.19085,
            "max": 5027.3672,
            "p(90)": 1036.3958499999999,
            "p(95)": 1040.4337
        },
        "http_req_connecting": {
            "avg": 0.5492488266838554,
            "min": 0,
            "med": 0,
            "max": 1034.4909,
            "p(90)": 0,
            "p(95)": 0
        },
        "http_req_failed": {
            "passes": 0,
            "fails": 145826,
            "value": 0
        },
        "http_req_tls_handshaking": {
            "p(95)": 0,
            "avg": 1.7903269094674483,
            "min": 0,
            "med": 0,
            "max": 1089.1529,
            "p(90)": 0
        },
        "vus_max": {
            "max": 500,
            "value": 500,
            "min": 500
        },
        "http_req_duration": {
            "avg": 27.473888334041934,
            "min": 11.8967,
            "med": 22.54965,
            "max": 4026.4086,
            "p(90)": 35.56975,
            "p(95)": 39.2017,
            "thresholds": {
                "p(95)<2000": false
            }
        },
        "http_req_duration{expected_response:true}": {
            "min": 11.8967,
            "med": 22.54965,
            "max": 4026.4086,
            "p(90)": 35.56975,
            "p(95)": 39.2017,
            "avg": 27.473888334041934
        },
        "iterations": {
            "count": 145826,
            "rate": 484.4116071755127
        },
        "data_received": {
            "count": 4083502844,
            "rate": 13564770.175193839
        }
    }
}